NP_EJERCICIO;MU_CODINE;MU_NOMBRE;PR_CODPR;NP_MUNICIPIO;NP_ENT;NP_POBLAMIENTO;NP_DENOMINACION;TOTAL;NP_VARONES;NP_MUJERES;NP_XLON;NP_YLAT
2022;03001;Atzúbia (L');3;0;1;1;ATZÚBIA (L´);363;190;173;-0.149632;38.8476
2022;03001;Atzúbia (L');3;0;1;2;BASSETES (LES);86;43;43;-0.16095;38.8487
2022;03001;Atzúbia (L');3;0;1;3;PINOS;51;23;28;-0.160361;38.8527
2022;03001;Atzúbia (L');3;0;2;1;FORNA;92;52;40;-0.171304;38.8753
2022;03002;Agost;3;0;1;1;AGOST;4022;2001;2021;-0.639506;38.4375
2022;03002;Agost;3;0;1;2;LOMAS (LAS);69;32;37;-0.612103;38.4166
2022;03002;Agost;3;0;1;3;MURTA (LA);45;26;19;-0.597649;38.4502
2022;03002;Agost;3;0;1;4;VENTÓS (EL);68;38;30;-0.626969;38.4552
2022;03003;Agres;3;0;1;1;AGRES;443;233;210;-0.516363;38.7817
2022;03004;Aigües;3;0;1;1;AIGÜES;663;338;325;-0.362097;38.5059
2022;03004;Aigües;3;0;1;2;URBANIZACIÓN SIERRA MARINA;150;73;77;-0.364247;38.5095
2022;03004;Aigües;3;0;1;3;RESIDENCIAL BALNEARIO DE AIGÜES;78;41;37;-0.368584;38.4919
2022;03005;Albatera;3;0;1;1;ALBATERA;11935;6040;5895;-0.870346;38.1796
2022;03006;Alcalalí;3;0;1;1;ALCALALÍ;366;180;186;-0.0402711;38.7501
2022;03006;Alcalalí;3;0;1;2;ALDEA DE LAS CUEVAS;18;8;10;-0.0088235;38.7823
2022;03006;Alcalalí;3;0;1;3;SOLANA (LA);592;298;294;-0.0396162;38.7561
2022;03006;Alcalalí;3;0;1;4;VEREDA (LA);31;16;15;-0.048989;38.7557
2022;03006;Alcalalí;3;0;2;1;LLOSA DE CAMACHO;143;69;74;-0.00771982;38.7715
2022;03007;Alcocer de Planes;3;0;1;1;ALCOSSER;140;66;74;-0.405751;38.7953
2022;03008;Alcoleja;3;0;1;1;ALCOLEJA;172;90;82;-0.331621;38.6752
2022;03009;Alcoi/Alcoy;3;0;1;1;ALCOY/ALCOI;57161;28004;29157;-0.477875;38.697
2022;03009;Alcoi/Alcoy;3;0;1;2;BARADELLO-SARGENTO;722;380;342;-0.52187;38.7045
2022;03009;Alcoi/Alcoy;3;0;1;3;CASES DEL SALT;4;2;2;-0.509535;38.6879
2022;03009;Alcoi/Alcoy;3;0;1;4;ESTEPAR (L´);116;58;58;-0.454006;38.6531
2022;03009;Alcoi/Alcoy;3;0;1;5;FONT ROJA;1;1;0;-0.540666;38.6652
2022;03009;Alcoi/Alcoy;3;0;1;6;MONTESOL;152;73;79;-0.575468;38.6874
2022;03009;Alcoi/Alcoy;3;0;1;7;SOL I CAMP;240;120;120;-0.471853;38.7121
2022;03010;Alfafara;3;0;1;1;ALFAFARA;382;179;203;-0.5549;38.7735
2022;03011;Alfàs del Pi (l');3;0;1;1;ALBIR (L´);4775;2364;2411;-0.0730361;38.566
2022;03011;Alfàs del Pi (l');3;0;1;2;ALFÀS DEL PI (L´);5359;2665;2694;-0.099395;38.5796
2022;03011;Alfàs del Pi (l');3;0;1;3;BARRANC FONDO;157;76;81;-0.115277;38.5765
2022;03011;Alfàs del Pi (l');3;0;1;4;CAPTIVADOR (EL);409;219;190;-0.11095;38.5998
2022;03011;Alfàs del Pi (l');3;0;1;5;DEVESA;146;65;81;-0.10112;38.5847
2022;03011;Alfàs del Pi (l');3;0;1;6;ENTRE NARANJOS Y FLORES;232;134;98;-0.0964499;38.5952
2022;03011;Alfàs del Pi (l');3;0;1;7;ESCANDINÀVIA;501;261;240;-0.112836;38.5884
2022;03011;Alfàs del Pi (l');3;0;1;8;ESTRADA (LA);116;65;51;-0.080044;38.5755
2022;03011;Alfàs del Pi (l');3;0;1;9;FOIA BLANCA;339;171;168;-0.084838;38.5923
2022;03011;Alfàs del Pi (l');3;0;1;10;JARDÍN DE ALFAZ;456;214;242;-0.0909027;38.5743
2022;03011;Alfàs del Pi (l');3;0;1;11;ROMERAL;299;155;144;-0.111915;38.5718
2022;03011;Alfàs del Pi (l');3;0;1;12;TOSSALET (EL);270;139;131;-0.0836114;38.5804
2022;03011;Alfàs del Pi (l');3;0;1;13;BELMONTE OASIS;667;355;312;-0.116184;38.5944
2022;03011;Alfàs del Pi (l');3;0;1;14;CAPITANA (LA);216;95;121;-0.109461;38.5913
2022;03011;Alfàs del Pi (l');3;0;1;15;FOIA L´OM;568;277;291;-0.105604;38.5901
2022;03011;Alfàs del Pi (l');3;0;1;16;RESIDENCE PARK;124;57;67;-0.112554;38.6026
2022;03011;Alfàs del Pi (l');3;0;1;17;SANT RAFEL;975;489;486;-0.114559;38.5855
2022;03011;Alfàs del Pi (l');3;0;1;18;ARABÍ;515;260;255;-0.0941464;38.5752
2022;03011;Alfàs del Pi (l');3;0;1;19;PLA PARCIAL PLATJA;2890;1356;1534;-0.0673936;38.5769
2022;03012;Algorfa;3;0;1;1;ALGORFA;1693;856;837;-0.796633;38.0848
2022;03012;Algorfa;3;0;1;2;CASTILLO DE MONTEMAR;392;201;191;-0.78082;38.0659
2022;03012;Algorfa;3;0;1;3;MONTEBELLO;199;96;103;-0.749664;38.0654
2022;03012;Algorfa;3;0;1;4;RELLANA (LA);498;251;247;-0.791622;38.0622
2022;03012;Algorfa;3;0;1;5;CRISPÍN (LO);691;356;335;-0.738672;38.0504
2022;03013;Algueña;3;0;1;1;ALGUEÑA;1268;635;633;-1.00143;38.3395
2022;03013;Algueña;3;0;2;1;SOLANA (LA);76;41;35;-1.04086;38.3483
2022;03014;Alicante/Alacant;3;0;1;1;ALCORAYA (LA);39;20;19;-0.631779;38.3708
2022;03014;Alicante/Alacant;3;0;2;1;ALICANTE/ALACANT;326198;157175;169023;-0.482786;38.3577
2022;03014;Alicante/Alacant;3;0;2;2;TANGEL;47;24;23;-0.470512;38.4093
2022;03014;Alicante/Alacant;3;0;2;3;URBANOVA;784;381;403;-0.521577;38.2833
2022;03014;Alicante/Alacant;3;0;2;4;VILLAFRANQUEZA - PALAMO;3229;1598;1631;-0.485903;38.3928
2022;03014;Alicante/Alacant;3;0;3;1;BACAROT (EL);165;82;83;-0.557109;38.3193
2022;03014;Alicante/Alacant;3;0;3;2;PICAPIEDRA (LOS);16;8;8;-0.571217;38.3106
2022;03014;Alicante/Alacant;3;0;4;1;ALABASTRO (EL);202;103;99;-0.602387;38.3968
2022;03014;Alicante/Alacant;3;0;4;2;BARRIO DE GRANADA;89;47;42;-0.532415;38.3877
2022;03014;Alicante/Alacant;3;0;4;3;CAÑADA (LA);7;3;4;-0.57781;38.3957
2022;03014;Alicante/Alacant;3;0;4;4;ERMITA SAN JAIME;286;147;139;-0.561708;38.3927
2022;03014;Alicante/Alacant;3;0;4;5;PINTAT (EL);131;70;61;-0.572354;38.4046
2022;03014;Alicante/Alacant;3;0;4;6;RAMBLA DEL PEPIOR;59;26;33;-0.577312;38.4015
2022;03014;Alicante/Alacant;3;0;4;7;RAMBLA DEL ROLLET;135;65;70;-0.586555;38.3971
2022;03014;Alicante/Alacant;3;0;5;1;PLA (EL);183;102;81;-0.583338;38.39
2022;03014;Alicante/Alacant;3;0;5;2;SERRETA (LA);173;80;93;-0.548458;38.3581
2022;03014;Alicante/Alacant;3;0;5;3;YESERAS;14;7;7;-0.58626;38.3939
2022;03014;Alicante/Alacant;3;0;5;4;CAMPANETA (LA);48;28;20;-0.557851;38.3715
2022;03014;Alicante/Alacant;3;0;6;1;TABARCA;51;26;25;-0.472114;38.1642
2022;03014;Alicante/Alacant;3;0;7;1;BOTER (EL);54;26;28;-0.507632;38.4581
2022;03014;Alicante/Alacant;3;0;7;3;LLOFRIU;21;11;10;-0.505186;38.4672
2022;03014;Alicante/Alacant;3;0;7;4;PORTELL;66;38;28;-0.486866;38.4572
2022;03014;Alicante/Alacant;3;0;7;5;VALLE DEL SOL;68;36;32;-0.51226;38.4582
2022;03014;Alicante/Alacant;3;0;8;1;CAMINO CAÑADA - ALCOY;100;52;48;-0.573883;38.455
2022;03014;Alicante/Alacant;3;0;8;2;CAMINO DE LA ERMITA;176;95;81;-0.574429;38.417
2022;03014;Alicante/Alacant;3;0;8;3;CAMINO VENTORRILLO;183;98;85;-0.552484;38.4215
2022;03014;Alicante/Alacant;3;0;8;4;FINCA DON JAIME;151;74;77;-0.571959;38.4294
2022;03014;Alicante/Alacant;3;0;8;5;GARROFERAL;99;52;47;-0.5687;38.4191
2022;03014;Alicante/Alacant;3;0;8;6;LOMA ESPÍ;382;202;180;-0.566831;38.4432
2022;03014;Alicante/Alacant;3;0;8;7;PLA DE XIRAU;10;5;5;-0.594205;38.4666
2022;03014;Alicante/Alacant;3;0;8;8;RAMBUCHAR NORTE;90;50;40;-0.571698;38.4574
2022;03014;Alicante/Alacant;3;0;8;9;RAMBUCHAR SUR;77;37;40;-0.560748;38.4439
2022;03014;Alicante/Alacant;3;0;8;10;SERRETA DE LA TORRE;124;71;53;-0.561449;38.4114
2022;03014;Alicante/Alacant;3;0;8;11;VALLEGRANDE ESTE;175;92;83;-0.558391;38.4307
2022;03014;Alicante/Alacant;3;0;8;12;VALLEGRANDE OESTE;131;68;63;-0.564236;38.428
2022;03014;Alicante/Alacant;3;0;9;1;REBOLLEDO;1022;528;494;-0.613;38.3418
2022;03014;Alicante/Alacant;3;0;10;1;SANTA FAZ;591;291;300;-0.444037;38.3899
2022;03014;Alicante/Alacant;3;0;12;1;XEPERUT;252;131;121;-0.601694;38.3362
2022;03014;Alicante/Alacant;3;0;13;1;CASAS DE TEROL;20;11;9;-0.591192;38.4073
2022;03014;Alicante/Alacant;3;0;13;2;VERDEGÁS;64;31;33;-0.587704;38.4058
2022;03015;Almoradí;3;0;1;1;ALMORADÍ;19014;9497;9517;-0.790052;38.1095
2022;03015;Almoradí;3;0;1;2;CRUZ DE GALINDO;384;196;188;-0.801488;38.0974
2022;03015;Almoradí;3;0;1;3;ERALTA (LA);15;8;7;-0.784118;38.1215
2022;03015;Almoradí;3;0;1;4;HEREDADES (LAS);422;222;200;-0.763348;38.0901
2022;03015;Almoradí;3;0;1;5;PUENTE DON PEDRO;0;0;0;-0.813567;38.0969
2022;03015;Almoradí;3;0;1;6;RAIGUERO (EL);0;0;0;-0.789307;38.084
2022;03015;Almoradí;3;0;1;7;SALADAR (EL);477;253;224;-0.799401;38.1262
2022;03016;Almudaina;3;0;1;1;ALMUDAINA;107;52;55;-0.353183;38.7597
2022;03017;Alqueria d'Asnar (l');3;0;1;1;ALQUERIA D´ASNAR (L´);467;237;230;-0.425738;38.773
2022;03018;Altea;3;0;1;1;ALHAMA;365;183;182;-0.0475936;38.6385
2022;03018;Altea;3;0;1;2;ALTEA;14913;7245;7668;-0.0567794;38.598
2022;03018;Altea;3;0;1;3;CAP-BLANCH;129;72;57;-0.0620692;38.586
2022;03018;Altea;3;0;1;4;CARRETERA DE L´ALBIR;174;91;83;-0.0646377;38.58
2022;03018;Altea;3;0;1;5;GALERAS ALTAS;269;132;137;-0.00792187;38.6393
2022;03018;Altea;3;0;1;6;GALERAS BAJAS;746;378;368;-0.0178014;38.6268
2022;03018;Altea;3;0;1;7;MONTAHUD;96;50;46;-0.0749842;38.6031
2022;03018;Altea;3;0;1;8;PLANET (EL);345;183;162;-0.0682517;38.5864
2022;03018;Altea;3;0;1;9;SAN ROQUE;172;84;88;-0.054857;38.6097
2022;03018;Altea;3;0;1;10;SANTA CLARA;136;59;77;-0.0677573;38.6361
2022;03018;Altea;3;0;1;11;SIERRA ALTEA;1880;969;911;-0.031166;38.6344
2022;03018;Altea;3;0;2;1;ALTEA LA VELLA;611;295;316;-0.0405748;38.629
2022;03018;Altea;3;0;3;1;OLLA (L´);1355;633;722;-0.0357467;38.6147
2022;03019;Aspe;3;0;1;1;ASPE;18816;9384;9432;-0.769112;38.3474
2022;03019;Aspe;3;0;1;2;MONTESOL;89;45;44;-0.74774;38.3133
2022;03020;Balones;3;0;1;1;BALONES;122;63;59;-0.343311;38.7364
2022;03021;Banyeres de Mariola;3;0;1;1;BANYERES DE MARIOLA;6992;3516;3476;-0.655738;38.7168
2022;03022;Benasau;3;0;2;1;ARES DEL BOSQUE;21;14;7;-0.326377;38.6869
2022;03022;Benasau;3;0;2;2;BENASAU;150;68;82;-0.344757;38.6898
2022;03023;Beneixama;3;0;1;1;BENEIXAMA;1656;825;831;-0.765019;38.7003
2022;03023;Beneixama;3;0;3;1;SALSE (EL);21;10;11;-0.73787;38.7066
2022;03024;Benejúzar;3;0;1;1;BENEJÚZAR;5480;2754;2726;-0.840057;38.0767
2022;03025;Benferri;3;0;1;1;BENFERRI;1433;735;698;-0.962865;38.1423
2022;03025;Benferri;3;0;1;2;URBANIZACIÓN BENFIS-PARK;276;143;133;-0.965437;38.1476
2022;03025;Benferri;3;0;1;3;URBANIZACIÓN BENFISOL;51;29;22;-0.960995;38.147
2022;03026;Beniarbeig;3;0;1;1;BENIARBEIG;2160;1099;1061;-0.00613513;38.8232
2022;03027;Beniardá;3;0;1;1;BENIARDÁ;171;83;88;-0.216726;38.6837
2022;03028;Beniarrés;3;0;1;1;BENIARRÉS;1033;533;500;-0.378636;38.8198
2022;03029;Benigembla;3;0;1;1;BENIGEMBLA;284;140;144;-0.108907;38.7546
2022;03030;Benidoleig;3;0;1;1;BENIDOLEIG;707;357;350;-0.030726;38.7924
2022;03030;Benidoleig;3;0;1;2;URBANIZACIÓN ALDEA DE LAS CUEVAS;140;66;74;-0.0123499;38.7851
2022;03030;Benidoleig;3;0;1;3;URBANIZACIÓN EL POBLET;60;27;33;-0.029785;38.7866
2022;03030;Benidoleig;3;0;1;4;RINCÓN DEL SILENCIO;91;41;50;-0.0223539;38.7926
2022;03030;Benidoleig;3;0;1;5;URBANIZACIÓN VALLE DEL SOL;5;2;3;-0.0195608;38.7912
2022;03031;Benidorm;3;0;1;1;ALMAFRA;45;20;25;-0.0983275;38.5508
2022;03031;Benidorm;3;0;1;2;BENIDORM;67891;33683;34208;-0.123735;38.5403
2022;03031;Benidorm;3;0;1;3;COBLANCA;469;237;232;-0.131952;38.5635
2022;03032;Benifallim;3;0;1;1;BENIFALLIM;103;54;49;-0.399687;38.6627
2022;03033;Benifato;3;0;1;1;BENIFATO;85;46;39;-0.228987;38.6736
2022;03034;Benijófar;3;0;1;1;BENIJÓFAR;2366;1134;1232;-0.738016;38.0766
2022;03034;Benijófar;3;0;1;2;URBANIZACIÓN ATALAYA PARK;266;135;131;-0.731236;38.0677
2022;03034;Benijófar;3;0;1;3;URBANIZACIÓN MONTEAZUL;348;176;172;-0.742445;38.0652
2022;03034;Benijófar;3;0;1;4;URBANIZACIÓN BENIMAR;422;209;213;-0.730823;38.0782
2022;03035;Benilloba;3;0;1;1;BENILLOBA;679;358;321;-0.386761;38.7005
2022;03036;Benillup;3;0;1;1;BENILLUP;106;57;49;-0.378575;38.7537
2022;03037;Benimantell;3;0;1;1;BENIMANTELL;371;183;188;-0.210455;38.6761
2022;03038;Benimarfull;3;0;1;1;BENIMARFULL;366;184;182;-0.390076;38.7767
2022;03039;Benimassot;3;0;1;1;BENIMASSOT;93;51;42;-0.290805;38.7487
2022;03040;Benimeli;3;0;1;1;BENIMELI;380;169;211;-0.0435866;38.8221
2022;03041;Benissa;3;0;1;1;BENISSA;7284;3568;3716;0.0493733;38.7147
2022;03041;Benissa;3;0;2;4;BALADRAR-PUNTA ESTRELLA;296;148;148;0.0997067;38.6816
2022;03041;Benissa;3;0;2;5;BUENAVISTA-CALA ADVOCAT;291;143;148;0.0976145;38.6768
2022;03041;Benissa;3;0;2;6;FANADIX;337;156;181;0.0827676;38.6799
2022;03041;Benissa;3;0;2;7;FUSTERA-CARRIONS (LA);547;281;266;0.0834889;38.6675
2022;03041;Benissa;3;0;2;8;MONTEMAR-LA VINYA;696;363;333;0.092222;38.6884
2022;03041;Benissa;3;0;2;9;SAN JAIME;253;128;125;0.103737;38.6867
2022;03041;Benissa;3;0;2;10;TOSSAL-LOS BANCALES;69;33;36;0.0906827;38.6814
2022;03042;Poble Nou de Benitatxell (El)/Benitachell;3;0;1;1;ALCASAR;451;206;245;0.144494;38.7172
2022;03042;Poble Nou de Benitatxell (El)/Benitachell;3;0;1;2;BENITACHELL/POBLE NOU DE BENITATXELL (EL);1805;880;925;0.144708;38.7316
2022;03042;Poble Nou de Benitatxell (El)/Benitachell;3;0;1;3;CALISTROS-ASEGADOR;226;111;115;0.156078;38.7326
2022;03042;Poble Nou de Benitatxell (El)/Benitachell;3;0;1;4;CUMBRE DEL SOL;1363;683;680;0.164669;38.7149
2022;03042;Poble Nou de Benitatxell (El)/Benitachell;3;0;1;5;FONTS (LES);351;167;184;0.134156;38.7409
2022;03042;Poble Nou de Benitatxell (El)/Benitachell;3;0;1;6;RACÓ NADAL;33;16;17;0.119264;38.7399
2022;03043;Biar;3;0;1;1;BIAR;3361;1643;1718;-0.766323;38.6284
2022;03044;Bigastro;3;0;1;1;BIGASTRO;7124;3588;3536;-0.898461;38.0617
2022;03045;Bolulla;3;0;1;1;BOLULLA;258;138;120;-0.112095;38.676
2022;03046;Busot;3;0;1;1;BUSOT;598;286;312;-0.418485;38.4836
2022;03046;Busot;3;0;1;2;URBANIZACIÓN BONALBA;359;185;174;-0.432349;38.463
2022;03046;Busot;3;0;1;3;URBANIZACIÓN EL CARRIL;432;216;216;-0.421362;38.4795
2022;03046;Busot;3;0;1;4;URBANIZACIÓN HOYA DE LOS PATOS;601;301;300;-0.437551;38.4654
2022;03046;Busot;3;0;1;5;URBANIZACIÓN LLANO DE LOS PASTORES;390;203;187;-0.444566;38.4778
2022;03046;Busot;3;0;1;6;URBANIZACIÓN PISNELLA;309;161;148;-0.428954;38.4728
2022;03046;Busot;3;0;1;7;URBANIZACIÓN PLA LLOMA;220;106;114;-0.432936;38.4899
2022;03046;Busot;3;0;1;8;URBANIZACIÓN VALLE DORADO;176;91;85;-0.425593;38.4786
2022;03047;Calp;3;0;1;1;CALP;12135;6089;6046;0.0473403;38.6483
2022;03047;Calp;3;0;1;2;SAN ANTONIO;2363;1151;1212;0.0302944;38.638
2022;03047;Calp;3;0;1;3;SAN BERNARDO;1381;684;697;0.0368893;38.6536
2022;03047;Calp;3;0;1;4;SAN CARLOS;155;78;77;0.0458418;38.6645
2022;03047;Calp;3;0;1;5;SAN DIONISIO;708;366;342;0.0591009;38.6699
2022;03047;Calp;3;0;1;6;SANTA ENGRACIA;1138;565;573;0.0625102;38.6534
2022;03047;Calp;3;0;1;7;SAN FRANCISCO;1998;997;1001;0.0736917;38.6616
2022;03047;Calp;3;0;1;8;SAN GABRIEL;2551;1301;1250;0.0579997;38.645
2022;03048;Callosa d'en Sarrià;3;0;1;1;ALGAR (EL);3;3;0;-0.0990827;38.6579
2022;03048;Callosa d'en Sarrià;3;0;1;2;CALLOSA D´EN SARRIÀ;6702;3449;3253;-0.11991;38.6492
2022;03048;Callosa d'en Sarrià;3;0;1;3;URBANIZACIÓN SANTA CLARA;24;13;11;-0.071144;38.6403
2022;03048;Callosa d'en Sarrià;3;0;1;4;URBANIZACIÓN SIERRA VERDE;25;13;12;-0.106243;38.6335
2022;03048;Callosa d'en Sarrià;3;0;1;5;URBANIZACIÓN ALMEDIA;124;63;61;-0.12583;38.6608
2022;03049;Callosa de Segura;3;0;1;1;CALLOSA DE SEGURA;17296;8780;8516;-0.879958;38.1224
2022;03049;Callosa de Segura;3;0;2;1;VIRGEN DEL CAMINO;29;17;12;-0.935787;38.1665
2022;03049;Callosa de Segura;3;0;3;1;CARTAGENA (LO);318;164;154;-0.858787;38.142
2022;03049;Callosa de Segura;3;0;4;1;CEMENTERIO (EL);63;31;32;-0.890711;38.1137
2022;03049;Callosa de Segura;3;0;5;1;DOLORES (LOS);316;164;152;-0.832522;38.1516
2022;03049;Callosa de Segura;3;0;5;2;SAN PEDRO;65;38;27;-0.831653;38.146
2022;03049;Callosa de Segura;3;0;6;1;CARRETERA DE RAFAL;84;43;41;-0.875121;38.117
2022;03049;Callosa de Segura;3;0;6;2;YESERA (LA);20;10;10;-0.865693;38.11
2022;03049;Callosa de Segura;3;0;7;1;SAN JOSÉ;413;209;204;-0.859738;38.1293
2022;03049;Callosa de Segura;3;0;8;1;SAN PEDRO;32;12;20;-0.830955;38.1457
2022;03049;Callosa de Segura;3;0;8;2;SAN ROQUE;82;43;39;-0.839553;38.1386
2022;03049;Callosa de Segura;3;0;8;3;VEREDA DE LOS CUBOS;14;8;6;-0.834489;38.1432
2022;03050;Campello (el);3;0;1;1;BALLESTERA;4;3;1;-0.386042;38.467
2022;03050;Campello (el);3;0;1;2;BONNY BARRIO;116;62;54;-0.410437;38.439
2022;03050;Campello (el);3;0;1;3;URBANIZACIÓN BONANZA;104;58;46;-0.412891;38.4357
2022;03050;Campello (el);3;0;2;1;ALMADRABA (LA);1627;795;832;-0.382017;38.4384
2022;03050;Campello (el);3;0;2;2;AMERADOR (L´);663;322;341;-0.377704;38.4453
2022;03050;Campello (el);3;0;2;3;BANYETS (ELS);393;186;207;-0.381396;38.4421
2022;03050;Campello (el);3;0;2;4;CAMPELLO (EL);16139;7790;8349;-0.398311;38.4281
2022;03050;Campello (el);3;0;2;5;PORCHA (LA);33;17;16;-0.36963;38.4563
2022;03050;Campello (el);3;0;2;6;PUEBLO ESPAÑOL;37;18;19;-0.381243;38.4371
2022;03050;Campello (el);3;0;3;2;COVETA FUMA;823;395;428;-0.357944;38.4518
2022;03050;Campello (el);3;0;4;1;PLAYA MUCHAVISTA;8077;3948;4129;-0.41048;38.4019
2022;03050;Campello (el);3;0;5;1;CALA D´OR;582;299;283;-0.33057;38.4686
2022;03050;Campello (el);3;0;6;1;MERCED (LA);210;109;101;-0.323236;38.4725
2022;03050;Campello (el);3;0;7;1;VENTA LANUZA;202;103;99;-0.312301;38.479
2022;03051;Campo de Mirra/Camp de Mirra (el);3;0;1;1;CAMPO DE MIRRA/CAMP DE MIRRA (EL);404;208;196;-0.7766;38.6866
2022;03052;Cañada;3;0;1;1;CAÑADA;1158;575;583;-0.81603;38.6722
2022;03053;Castalla;3;0;1;1;CASTALLA;9014;4569;4445;-0.670694;38.5954
2022;03053;Castalla;3;0;1;2;CAMPELLOS (ELS);818;404;414;-0.629512;38.5653
2022;03054;Castell de Castells;3;0;1;1;CASTELL DE CASTELLS;377;197;180;-0.194478;38.7234
2022;03055;Catral;3;0;1;1;BARRIO DE LOS DOLORES;74;45;29;-0.785338;38.141
2022;03055;Catral;3;0;1;2;CATRAL;7197;3603;3594;-0.801413;38.163
2022;03056;Cocentaina;3;0;1;1;ALCÚDIA;73;38;35;-0.433996;38.7594
2022;03056;Cocentaina;3;0;2;1;ALGARS;103;47;56;-0.450566;38.7168
2022;03056;Cocentaina;3;0;4;1;COCENTAINA;9367;4691;4676;-0.436273;38.7437
2022;03056;Cocentaina;3;0;6;1;GORMAIG;404;202;202;-0.459103;38.7211
2022;03056;Cocentaina;3;0;8;1;POBLE NOU DE SANT RAFEL;30;16;14;-0.440245;38.7086
2022;03057;Confrides;3;0;1;1;ABDET;69;32;37;-0.2573;38.6939
2022;03057;Confrides;3;0;2;1;CONFRIDES;132;79;53;-0.26938;38.6844
2022;03058;Cox;3;0;2;1;COX;7325;3704;3621;-0.888253;38.1415
2022;03059;Crevillent;3;0;1;1;CASICAS;0;0;0;-0.814778;38.1653
2022;03059;Crevillent;3;0;2;1;CACHAP;212;113;99;-0.779176;38.2167
2022;03059;Crevillent;3;0;2;2;CREVILLENT;24081;12101;11980;-0.804803;38.2477
2022;03059;Crevillent;3;0;2;3;POLÍGONO INDUSTRIAL BOCH;0;0;0;-0.784575;38.2486
2022;03059;Crevillent;3;0;2;4;POLÍGONO INDUSTRIAL CACHAPETS;7;5;2;-0.818887;38.2257
2022;03059;Crevillent;3;0;2;5;POLÍGONO INDUSTRIAL FAIMA;0;0;0;-0.777417;38.2544
2022;03059;Crevillent;3;0;3;1;ESTACIÓN (LA);66;33;33;-0.781834;38.2255
2022;03059;Crevillent;3;0;4;1;REALENGO (EL);240;122;118;-0.8118;38.2013
2022;03059;Crevillent;3;0;5;1;RINCÓN DE LOS PABLOS;0;0;0;-0.83318;38.1589
2022;03059;Crevillent;3;0;6;1;SAN FELIPE NERI;331;157;174;-0.79762;38.1773
2022;03060;Quatretondeta;3;0;1;1;QUATRETONDETA;131;72;59;-0.316333;38.7236
2022;03061;Daya Nueva;3;0;1;1;DAYA NUEVA;1610;786;824;-0.760362;38.1144
2022;03062;Daya Vieja;3;0;1;1;DAYA VIEJA;531;264;267;-0.738423;38.1054
2022;03063;Dénia;3;0;1;1;DÉNIA;25454;12257;13197;0.104064;38.8385
2022;03063;Dénia;3;0;1;2;DEVESES;473;241;232;-0.0248648;38.8746
2022;03063;Dénia;3;0;1;3;MARINES;4481;2247;2234;0.0675606;38.8521
2022;03063;Dénia;3;0;1;4;MONTE PEGO;64;33;31;-0.0404919;38.8461
2022;03063;Dénia;3;0;1;5;MONTGÓ;5249;2539;2710;0.123169;38.8225
2022;03063;Dénia;3;0;1;6;ROTES;2622;1286;1336;0.147295;38.8261
2022;03063;Dénia;3;0;2;1;XARA (LA);1315;638;677;0.0618836;38.828
2022;03063;Dénia;3;0;3;1;JESÚS POBRE;585;295;290;0.0854173;38.8005
2022;03063;Dénia;3;0;3;2;MITJANS;28;15;13;0.0966259;38.8025
2022;03063;Dénia;3;0;3;3;ALQUERÍA DE FERRANDO;2;1;1;0.0750539;38.808
2022;03063;Dénia;3;0;4;1;PEDRERA (LA);2074;1021;1053;0.0931948;38.8229
2022;03064;Dolores;3;0;1;1;DOLORES;6460;3213;3247;-0.767386;38.1367
2022;03065;Elche/Elx;3;0;1;1;MATOLA;479;246;233;-0.745741;38.2272
2022;03065;Elche/Elx;3;0;3;1;BONAVISTA;827;433;394;-0.682205;38.2969
2022;03065;Elche/Elx;3;0;3;2;GALIA (LA);0;0;0;-0.688737;38.2844
2022;03065;Elche/Elx;3;0;4;1;ALTET (EL);4955;2533;2422;-0.549659;38.2719
2022;03065;Elche/Elx;3;0;4;2;BASSARS (ELS);0;0;0;-0.566102;38.2448
2022;03065;Elche/Elx;3;0;4;3;LIMONEROS (LOS);106;60;46;-0.552009;38.2576
2022;03065;Elche/Elx;3;0;5;1;LUCEROS (LOS);0;0;0;-0.671389;38.2527
2022;03065;Elche/Elx;3;0;7;1;BAYAS (LAS);1648;818;830;-0.642664;38.2203
2022;03065;Elche/Elx;3;0;7;2;PINOS (LOS);0;0;0;-0.627839;38.2072
2022;03065;Elche/Elx;3;0;8;1;ALTAMIRA;0;0;0;-0.733733;38.2875
2022;03065;Elche/Elx;3;0;9;1;SANTA FE;0;0;0;-0.674867;38.18
2022;03065;Elche/Elx;3;0;11;1;ELCHE/ELX;191429;94370;97059;-0.699116;38.2611
2022;03065;Elche/Elx;3;0;12;1;FOIA (LA);2087;1047;1040;-0.683312;38.2132
2022;03065;Elche/Elx;3;0;13;1;BUENOS AIRES;0;0;0;-0.638961;38.305
2022;03065;Elche/Elx;3;0;14;1;PENYA LES AGUILES;249;128;121;-0.736457;38.2685
2022;03065;Elche/Elx;3;0;15;1;MAITINO;0;0;0;-0.634765;38.2733
2022;03065;Elche/Elx;3;0;15;2;TORRE AZUL;0;0;0;-0.614447;38.2769
2022;03065;Elche/Elx;3;0;16;1;MARINA (LA);1422;717;705;-0.641744;38.1472
2022;03065;Elche/Elx;3;0;18;1;LOMAS (LAS);332;150;182;-0.616167;38.2554
2022;03065;Elche/Elx;3;0;18;2;PERLETA (LA);0;0;0;-0.633408;38.2506
2022;03065;Elche/Elx;3;0;20;1;TORRELLANO;6511;3234;3277;-0.585513;38.2928
2022;03065;Elche/Elx;3;0;21;1;BARRIO ALTO;535;267;268;-0.61182;38.2418
2022;03065;Elche/Elx;3;0;21;2;NOVA VALLVERDA;9;5;4;-0.584725;38.2437
2022;03065;Elche/Elx;3;0;21;3;VALLVERDA;19;10;9;-0.60018;38.2301
2022;03065;Elche/Elx;3;0;21;4;VINCLE (EL);0;0;0;-0.593751;38.259
2022;03065;Elche/Elx;3;0;22;1;ARENALES DEL SOL (LOS);2455;1295;1160;-0.519605;38.2508
2022;03066;Elda;3;0;1;1;ELDA;50679;24612;26067;-0.795493;38.4756
2022;03066;Elda;3;0;2;1;ESTACIÓN DE MONÓVAR;7;4;3;-0.811695;38.4416
2022;03067;Facheca;3;0;1;1;FAGECA;101;52;49;-0.269097;38.7348
2022;03068;Famorca;3;0;1;1;FAMORCA;48;26;22;-0.246751;38.7313
2022;03069;Finestrat;3;0;2;1;CALA (LA);3997;2063;1934;-0.172798;38.5329
2022;03069;Finestrat;3;0;2;2;FINESTRAT;2217;1130;1087;-0.213123;38.5684
2022;03069;Finestrat;3;0;2;3;GOLF BAHÍA;441;224;217;-0.187251;38.5466
2022;03070;Formentera del Segura;3;0;1;1;PALACIOS (LOS);1366;701;665;-0.726997;38.0898
2022;03070;Formentera del Segura;3;0;1;2;FINCAS LA VEGA;112;55;57;-0.723661;38.1074
2022;03070;Formentera del Segura;3;0;2;1;FORMENTERA DEL SEGURA;2755;1409;1346;-0.745954;38.0863
2022;03071;Gata de Gorgos;3;0;1;1;GATA DE GORGOS;5067;2560;2507;0.0831717;38.7766
2022;03071;Gata de Gorgos;3;0;1;2;GATA RESIDENCIAL;562;286;276;0.0613508;38.7788
2022;03072;Gaianes;3;0;1;1;GAIANES;316;157;159;-0.408811;38.8124
2022;03072;Gaianes;3;0;1;2;PLA (EL);0;0;0;-0.417722;38.8076
2022;03073;Gorga;3;0;1;1;GORGA;241;127;114;-0.355811;38.7193
2022;03074;Granja de Rocamora;3;0;1;1;GRANJA DE ROCAMORA;2565;1324;1241;-0.891524;38.1532
2022;03075;Castell de Guadalest (El);3;0;1;1;CASTELL DE GUADALEST (EL);174;91;83;-0.199389;38.676
2022;03076;Guardamar del Segura;3;0;1;1;CAMPO (EL);1826;894;932;-0.681324;38.0679
2022;03076;Guardamar del Segura;3;0;1;2;COSTA BELLA;175;87;88;-0.649912;38.126
2022;03076;Guardamar del Segura;3;0;1;3;GUARDAMAR DEL SEGURA;12549;6062;6487;-0.653909;38.0902
2022;03076;Guardamar del Segura;3;0;1;4;LOMAS DE POLO-PINOMAR;225;121;104;-0.659263;38.0397
2022;03076;Guardamar del Segura;3;0;1;5;MONCAYO (EL);392;190;202;-0.659155;38.0588
2022;03076;Guardamar del Segura;3;0;1;6;ESTAÑOS (LOS);550;284;266;-0.669465;38.0901
2022;03076;Guardamar del Segura;3;0;1;7;SECANOS (LOS);229;114;115;-0.653102;38.0648
2022;03077;Hondón de las Nieves/Fondó de les Neus (El);3;0;1;1;CANALOSA (LA);105;54;51;-0.935197;38.3044
2022;03077;Hondón de las Nieves/Fondó de les Neus (El);3;0;2;1;FONDÓ DE LES NEUS (EL);1203;599;604;-0.850145;38.308
2022;03077;Hondón de las Nieves/Fondó de les Neus (El);3;0;2;2;POLÍGONO INDUSTRIAL BAJO SOMBRA;8;5;3;-0.841704;38.3089
2022;03077;Hondón de las Nieves/Fondó de les Neus (El);3;0;3;1;REBALSO (EL);0;0;0;-0.909265;38.2907
2022;03077;Hondón de las Nieves/Fondó de les Neus (El);3;0;3;2;URBANIZACIÓN RESIDENCIAL MONTAÑOSA;360;190;170;-0.890387;38.2929
2022;03078;Hondón de los Frailes;3;0;1;1;HONDÓN DE LOS FRAILES;566;297;269;-0.928091;38.2732
2022;03079;Ibi;3;0;1;1;IBI;23013;11534;11479;-0.579007;38.6203
2022;03080;Jacarilla;3;0;1;1;JACARILLA;1900;960;940;-0.867129;38.0618
2022;03080;Jacarilla;3;0;1;2;VISTABELLA;74;42;32;-0.837243;38.024
2022;03081;Xaló;3;0;1;1;XALÓ;1829;896;933;-0.00811797;38.7391
2022;03081;Xaló;3;0;1;2;URBANIZACIÓN SOLANA PARK;20;11;9;-0.00797559;38.7492
2022;03081;Xaló;3;0;1;3;URBANIZACIÓN SOLANA S.A.;23;8;15;-0.00566768;38.7562
2022;03081;Xaló;3;0;1;4;URBANIZACIÓN VALLE DE PARAISO;118;61;57;-0.0149771;38.754
2022;03081;Xaló;3;0;1;5;URBANIZACIÓN LA ALMAZARA;97;51;46;-0.027772;38.7529
2022;03082;Xàbia/Jávea;3;0;2;1;ADUANAS;2843;1415;1428;0.180662;38.7972
2022;03082;Xàbia/Jávea;3;0;2;2;ALBORADA;29;18;11;0.165433;38.7436
2022;03082;Xàbia/Jávea;3;0;2;3;ARENAL;2846;1519;1327;0.190378;38.7703
2022;03082;Xàbia/Jávea;3;0;2;4;BAHÍA DE JÁVEA;1054;529;525;0.182205;38.7824
2022;03082;Xàbia/Jávea;3;0;2;5;BALCÓN AL MAR;579;286;293;0.224011;38.7396
2022;03082;Xàbia/Jávea;3;0;2;6;CAP MARTÍ;57;28;29;0.187411;38.7659
2022;03082;Xàbia/Jávea;3;0;2;7;CEREZOS (LOS);93;40;53;0.154556;38.7452
2022;03082;Xàbia/Jávea;3;0;2;8;CORONA (LA);140;74;66;0.175081;38.7978
2022;03082;Xàbia/Jávea;3;0;2;9;COSTA NOVA;813;399;414;0.207296;38.7399
2022;03082;Xàbia/Jávea;3;0;2;10;COVATELLES;149;81;68;0.144028;38.7593
2022;03082;Xàbia/Jávea;3;0;2;11;ENTREPINOS;177;89;88;0.210494;38.7497
2022;03082;Xàbia/Jávea;3;0;2;12;ERMITA (LA);368;180;188;0.12415;38.795
2022;03082;Xàbia/Jávea;3;0;2;13;FINCA (LA);458;217;241;0.180727;38.7592
2022;03082;Xàbia/Jávea;3;0;2;14;JÁVEA/XÀBIA;13082;6525;6557;0.156615;38.7885
2022;03082;Xàbia/Jávea;3;0;2;15;LLUCA;120;61;59;0.137468;38.7657
2022;03082;Xàbia/Jávea;3;0;2;16;MANDARINA (LA);57;28;29;0.138685;38.7551
2022;03082;Xàbia/Jávea;3;0;2;17;MAR AZUL;228;109;119;0.215325;38.7556
2022;03082;Xàbia/Jávea;3;0;2;18;MONTGÓ-TOSCAMAR;400;200;200;0.110584;38.8
2022;03082;Xàbia/Jávea;3;0;2;19;PARQUE CALABLANCA;153;76;77;0.200654;38.7629
2022;03082;Xàbia/Jávea;3;0;2;20;PUEBLO BLANCO;1395;652;743;0.176116;38.7883
2022;03082;Xàbia/Jávea;3;0;2;21;RAFALET;394;210;184;0.150929;38.7633
2022;03082;Xàbia/Jávea;3;0;2;22;SOL DEL ESTE;360;181;179;0.168572;38.7583
2022;03082;Xàbia/Jávea;3;0;2;23;TESORO DE JÁVEA;190;91;99;0.145654;38.7527
2022;03082;Xàbia/Jávea;3;0;2;24;TOSALET;961;456;505;0.194223;38.754
2022;03082;Xàbia/Jávea;3;0;2;25;TOSCAL;438;212;226;0.206487;38.7555
2022;03082;Xàbia/Jávea;3;0;2;26;TRENCALL;173;83;90;0.212887;38.7435
2022;03082;Xàbia/Jávea;3;0;2;27;VALLE DEL SOL;576;292;284;0.179483;38.7487
2022;03083;Xixona/Jijona;3;0;1;1;XIXONA;6418;3087;3331;-0.506256;38.5366
2022;03084;Orxa (L')/Lorcha;3;0;1;1;LORCHA/ORXA (L´);525;261;264;-0.312203;38.8457
2022;03085;Llíber;3;0;1;1;LLÍBER;401;203;198;0.00647891;38.743
2022;03085;Llíber;3;0;1;2;URBANIZACIÓN COLLADO;49;25;24;0.0205249;38.7323
2022;03086;Millena;3;0;1;1;MILLENA;108;48;60;-0.362878;38.7307
2022;03088;Monforte del Cid;3;0;3;1;MONFORTE DEL CID;6293;3249;3044;-0.730026;38.3842
2022;03088;Monforte del Cid;3;0;3;2;URBANIZACIÓN ALENDA GOLF;656;339;317;-0.671203;38.359
2022;03088;Monforte del Cid;3;0;3;3;URBANIZACIÓN MONTECID;650;355;295;-0.648021;38.347
2022;03088;Monforte del Cid;3;0;4;1;ORITO;196;102;94;-0.689287;38.3763
2022;03088;Monforte del Cid;3;0;4;2;URBANIZACIÓN LA CAPITANA;111;62;49;-0.691688;38.3681
2022;03088;Monforte del Cid;3;0;4;3;URBANIZACIÓN ORITO SAN JOSÉ;92;46;46;-0.686402;38.373
2022;03089;Monòver/Monóvar;3;0;1;1;CASES DEL SENYOR;221;106;115;-0.952809;38.407
2022;03089;Monòver/Monóvar;3;0;2;1;XINORLET;105;50;55;-0.961536;38.4158
2022;03089;Monòver/Monóvar;3;0;3;1;CANYADES D´EN CIRUS;23;10;13;-0.972998;38.4694
2022;03089;Monòver/Monóvar;3;0;3;2;CASES JOAN BLANCO;21;9;12;-0.954623;38.4405
2022;03089;Monòver/Monóvar;3;0;3;3;DERRAMAO (EL);13;7;6;-0.942119;38.4343
2022;03089;Monòver/Monóvar;3;0;3;4;FONDÓ;38;18;20;-0.917857;38.4397
2022;03089;Monòver/Monóvar;3;0;3;5;MANYÁ;9;5;4;-0.929061;38.4281
2022;03089;Monòver/Monóvar;3;0;4;1;MONÓVAR/MONÒVER;9956;4921;5035;-0.840751;38.4367
2022;03089;Monòver/Monóvar;3;0;4;2;ALQUEBLA;169;86;83;-0.85086;38.424
2022;03089;Monòver/Monóvar;3;0;5;1;CASES DE SANCHIS;14;7;7;-0.927059;38.4093
2022;03089;Monòver/Monóvar;3;0;5;2;ROMANETA (LA);61;33;28;-0.90678;38.3831
2022;03090;Mutxamel;3;0;1;1;ALMAIXADA (L´);2445;1252;1193;-0.46214;38.4013
2022;03090;Mutxamel;3;0;1;2;BON ANY;251;134;117;-0.46993;38.4185
2022;03090;Mutxamel;3;0;1;3;BONALBA;1951;998;953;-0.435443;38.4448
2022;03090;Mutxamel;3;0;1;4;BOTER SECTOR XXX (EL)-VALL DEL SOL (LA);172;89;83;-0.507382;38.453
2022;03090;Mutxamel;3;0;1;5;CASA FUS;408;209;199;-0.457017;38.4038
2022;03090;Mutxamel;3;0;1;6;COTOVETA;393;200;193;-0.427633;38.4355
2022;03090;Mutxamel;3;0;1;7;ENTREDÓS (L´);81;39;42;-0.461957;38.3962
2022;03090;Mutxamel;3;0;1;8;GIRA-SOLS (ELS);228;107;121;-0.489901;38.4129
2022;03090;Mutxamel;3;0;1;9;GLORIA (LA)-CALVARI (EL)-GIALMA;399;193;206;-0.450592;38.4083
2022;03090;Mutxamel;3;0;1;10;HORTA (L´);1276;661;615;-0.47609;38.4127
2022;03090;Mutxamel;3;0;1;11;MARSETA;87;39;48;-0.463206;38.4252
2022;03090;Mutxamel;3;0;1;12;MOLÍ FOC;26;14;12;-0.454012;38.4288
2022;03090;Mutxamel;3;0;1;13;MOLÍ NOU;150;77;73;-0.463027;38.4436
2022;03090;Mutxamel;3;0;1;14;MUTXAMEL;14535;7143;7392;-0.444047;38.4151
2022;03090;Mutxamel;3;0;1;15;OBRERA (L´);67;34;33;-0.467201;38.4194
2022;03090;Mutxamel;3;0;1;16;PAULINES (LES);201;101;100;-0.457571;38.3992
2022;03090;Mutxamel;3;0;1;17;PENYETES (LES);139;66;73;-0.43154;38.4166
2022;03090;Mutxamel;3;0;1;18;PI (EL);170;87;83;-0.457218;38.3962
2022;03090;Mutxamel;3;0;1;19;RÍO PARK;1111;554;557;-0.474963;38.4496
2022;03090;Mutxamel;3;0;1;20;SERVERES;14;7;7;-0.467303;38.4119
2022;03090;Mutxamel;3;0;1;21;VOLAOR (EL);17;7;10;-0.462828;38.4334
2022;03090;Mutxamel;3;0;1;22;BARRANC (EL);47;29;18;-0.491808;38.4261
2022;03090;Mutxamel;3;0;1;23;POLÍGONO INDUSTRIAL ELS PLANS;0;0;0;-0.449193;38.4274
2022;03090;Mutxamel;3;0;1;24;POLÍGONO INDUSTRIAL S-I-3;0;0;0;-0.450688;38.4317
2022;03090;Mutxamel;3;0;1;25;POLÍGONO INDUSTRIAL RIODEL;0;0;0;-0.469022;38.4525
2022;03090;Mutxamel;3;0;1;26;RAVEL;636;325;311;-0.458815;38.4081
2022;03090;Mutxamel;3;0;1;27;SENYAL (EL);0;0;0;-0.455442;38.416
2022;03090;Mutxamel;3;0;1;28;COLLAO (EL);184;86;98;-0.48261;38.4157
2022;03091;Murla;3;0;1;1;MURLA;287;132;155;-0.0815575;38.7612
2022;03092;Muro de Alcoy;3;0;1;1;ALQUERIA JORDÁ;12;7;5;-0.425772;38.7854
2022;03092;Muro de Alcoy;3;0;2;1;BENAMER;129;67;62;-0.41628;38.7836
2022;03092;Muro de Alcoy;3;0;3;1;CELA DE NÚÑEZ;141;72;69;-0.428342;38.7894
2022;03092;Muro de Alcoy;3;0;4;1;MURO DE ALCOY;7992;3974;4018;-0.43979;38.7792
2022;03092;Muro de Alcoy;3;0;5;1;TURBALLOS;3;1;2;-0.44141;38.8051
2022;03093;Novelda;3;0;1;1;ESTACIÓN (LA);255;133;122;-0.775443;38.4046
2022;03093;Novelda;3;0;2;1;MONTESINOS (ELS);44;22;22;-0.790786;38.3868
2022;03093;Novelda;3;0;2;2;NOVELDA;23144;11383;11761;-0.762869;38.3852
2022;03094;Nucia (la);3;0;1;1;BARRANC FONDO;5047;2507;2540;-0.122144;38.579
2022;03094;Nucia (la);3;0;1;2;COLOMA;6012;3051;2961;-0.13498;38.5825
2022;03094;Nucia (la);3;0;1;3;NUCIA (LA);5352;2750;2602;-0.12725;38.6115
2022;03094;Nucia (la);3;0;1;4;BELL HORITZÓ;945;503;442;-0.0898969;38.6044
2022;03094;Nucia (la);3;0;1;5;TOSSAL (EL);568;288;280;-0.107867;38.6133
2022;03095;Ondara;3;0;1;1;ONDARA;6418;3222;3196;0.0220214;38.8246
2022;03095;Ondara;3;0;1;2;PAMIS;107;57;50;0.00959865;38.8176
2022;03096;Onil;3;0;1;1;ONIL;7122;3551;3571;-0.673133;38.6202
2022;03096;Onil;3;0;1;2;POLÍGONO INDUSTRIAL VASALOS;1;0;1;-0.68905;38.6227
2022;03097;Orba;3;0;3;1;ASPRE (EL);445;223;222;-0.0555724;38.781
2022;03097;Orba;3;0;3;2;CAPSÓ (EL);124;62;62;-0.0604497;38.7861
2022;03097;Orba;3;0;3;3;CARRERS D´ORBETA;125;62;63;-0.0591823;38.7792
2022;03097;Orba;3;0;3;4;ORBA (CASCO ANTIGUO);1189;575;614;-0.0638819;38.7785
2022;03097;Orba;3;0;3;5;PLANA (LA);115;64;51;-0.0797156;38.7825
2022;03097;Orba;3;0;3;6;FOIETES;7;2;5;-0.0575136;38.7805
2022;03097;Orba;3;0;3;7;PALMERIA;102;43;59;-0.0716405;38.7816
2022;03097;Orba;3;0;3;8;FOIA (LA);20;12;8;-0.0557043;38.7874
2022;03097;Orba;3;0;3;9;TRULLENT;61;29;32;-0.0464301;38.7865
2022;03098;Orxeta;3;0;1;1;HOYA DE LA SEÑORA;0;0;0;-0.266648;38.5623
2022;03098;Orxeta;3;0;1;2;ORXETA;542;260;282;-0.262608;38.5635
2022;03098;Orxeta;3;0;1;3;URBANIZACIÓN BELLA ORXETA;108;57;51;-0.26124;38.5522
2022;03099;Orihuela;3;0;1;1;APARECIDA (LA);518;256;262;-1.00875;38.0817
2022;03099;Orihuela;3;0;1;2;ARENAL (EL);70;29;41;-0.992729;38.0687
2022;03099;Orihuela;3;0;1;3;RAIGUERO LEVANTE;634;321;313;-0.999479;38.0829
2022;03099;Orihuela;3;0;1;4;RAIGUERO PONIENTE;743;362;381;-1.01776;38.0767
2022;03099;Orihuela;3;0;2;1;ARNEVA;693;331;362;-0.939689;38.0547
2022;03099;Orihuela;3;0;2;2;BARRIO MARIANO CASES;62;32;30;-0.950185;38.0608
2022;03099;Orihuela;3;0;2;3;BARRIO NUESTRA SEÑORA DE LA ALEGRÍA;68;41;27;-0.941509;38.0568
2022;03099;Orihuela;3;0;2;4;CAMINO DE CARTAGENA;1;1;0;-0.943461;38.0556
2022;03099;Orihuela;3;0;3;1;BARBARROJA;72;36;36;-0.965363;38.2751
2022;03099;Orihuela;3;0;4;1;BONANZA (RAIGUERO DE);1448;729;719;-0.978752;38.0893
2022;03099;Orihuela;3;0;5;1;BARRIO DE LA ASCENSIÓN;505;259;246;-0.956505;38.08
2022;03099;Orihuela;3;0;5;2;ERMITA CRUZ CUBIERTA;35;17;18;-0.970353;38.0734
2022;03099;Orihuela;3;0;6;1;CAMINO VIEJO DE CALLOSA;369;186;183;-0.926546;38.0925
2022;03099;Orihuela;3;0;7;1;BARRIO NUEVO;501;259;242;-0.894452;38.0895
2022;03099;Orihuela;3;0;7;2;PUENTE LOS CIRIOS;68;32;36;-0.901712;38.0931
2022;03099;Orihuela;3;0;7;3;CAMPANETA (LA);428;202;226;-0.884211;38.0895
2022;03099;Orihuela;3;0;8;1;DEHESA DE CAMPOAMOR;951;468;483;-0.754532;37.9007
2022;03099;Orihuela;3;0;8;2;VILLAMARTÍN;1127;549;578;-0.756428;37.9374
2022;03099;Orihuela;3;0;8;3;CABO ROIG;453;211;242;-0.727591;37.9169
2022;03099;Orihuela;3;0;8;4;MIL PALMERAS;23;13;10;-0.754796;37.8905
2022;03099;Orihuela;3;0;8;5;PLAYA FLAMENCA I;154;72;82;-0.722188;37.9312
2022;03099;Orihuela;3;0;8;6;PLAYA FLAMENCA II;1652;820;832;-0.731158;37.9331
2022;03099;Orihuela;3;0;8;7;PUEBLO PRÍNCIPE;370;175;195;-0.769033;37.9354
2022;03099;Orihuela;3;0;8;8;PUNTA PRIMA;158;86;72;-0.713737;37.9439
2022;03099;Orihuela;3;0;8;9;URBANIZACIÓN BLUE LAGOON, T-2 FILIPINAS Y PAU 27;924;457;467;-0.768926;37.9428
2022;03099;Orihuela;3;0;8;10;URBANIZACIÓN CASTILLO DON JUAN Y PAU 25;398;206;192;-0.758326;37.9242
2022;03099;Orihuela;3;0;8;11;URBANIZACIÓN EL PRESIDENTE;534;259;275;-0.767468;37.9393
2022;03099;Orihuela;3;0;8;12;URBANIZACIÓN HORIZONTE;957;455;502;-0.725274;37.9419
2022;03099;Orihuela;3;0;8;13;URBANIZACIÓN LA FLORIDA;1234;590;644;-0.733117;37.9503
2022;03099;Orihuela;3;0;8;14;URBANIZACIÓN LA REGIA;230;126;104;-0.742108;37.9138
2022;03099;Orihuela;3;0;8;15;URBANIZACIÓN LA SOLANA;111;56;55;-0.748084;37.9288
2022;03099;Orihuela;3;0;8;17;URBANIZACIÓN LAS MIMOSAS-LA CHISMOSA;737;362;375;-0.736032;37.9452
2022;03099;Orihuela;3;0;8;18;URBANIZACIÓN LOMAS DE DON JUAN;118;54;64;-0.752242;37.9254
2022;03099;Orihuela;3;0;8;19;BALCONES Y LOS ALTOS (LOS);401;206;195;-0.732038;37.9557
2022;03099;Orihuela;3;0;8;20;URBANIZACIÓN MONTEZENIA-TORREZENIA;260;138;122;-0.746766;37.9239
2022;03099;Orihuela;3;0;8;21;URBANIZACIÓN VILLACOSTA I;156;74;82;-0.765574;37.932
2022;03099;Orihuela;3;0;8;22;URBANIZACIÓN VILLACOSTA II-LAS FILIPINAS;503;257;246;-0.777903;37.9356
2022;03099;Orihuela;3;0;8;23;ZENIA (LA);465;228;237;-0.72634;37.9237
2022;03099;Orihuela;3;0;8;24;ZENIA II (LA)-SECTOR E-1 Y PAU 3;995;482;513;-0.734184;37.9236
2022;03099;Orihuela;3;0;8;25;DOLSES (LOS);546;272;274;-0.751361;37.9317
2022;03099;Orihuela;3;0;8;26;VILLAPIEDRA-SECTOR B2 Y PAU 2;748;361;387;-0.739859;37.9181
2022;03099;Orihuela;3;0;8;27;AGUAMARINA-SECTOR A1;591;302;289;-0.745151;37.9089
2022;03099;Orihuela;3;0;8;28;PISCINAS (LAS)-SECTOR J-1;2043;1011;1032;-0.734027;37.9395
2022;03099;Orihuela;3;0;8;29;LAGOSOL-SECTOR F-2;1621;799;822;-0.737793;37.955
2022;03099;Orihuela;3;0;8;30;LOMAS DE CAMPOAMOR;628;310;318;-0.774675;37.9311
2022;03099;Orihuela;3;0;8;31;VILLA ROSA-LA CIÑUELICA;1158;575;583;-0.72118;37.9486
2022;03099;Orihuela;3;0;8;32;RAMBLAS (LAS);385;201;184;-0.781023;37.9203
2022;03099;Orihuela;3;0;8;33;ALAMEDA DEL MAR D-1;298;160;138;-0.72012;37.9385
2022;03099;Orihuela;3;0;8;34;PAU 8 - CANAL NORTE;693;334;359;-0.750546;37.9476
2022;03099;Orihuela;3;0;8;35;BARRANCO (EL) E-2;842;411;431;-0.746642;37.9374
2022;03099;Orihuela;3;0;8;36;ALMENDROS (LOS) - PAU 26;594;289;305;-0.746597;37.9514
2022;03099;Orihuela;3;0;8;37;SECTORES CUERDA (LA) Y LOMAS DE CABO ROIG;943;477;466;-0.749956;37.9198
2022;03099;Orihuela;3;0;8;38;PAU 21-COLINAS GOLF;117;60;57;-0.808127;37.9277
2022;03099;Orihuela;3;0;10;1;CORRENTIAS ALTAS;147;68;79;-0.932085;38.0768
2022;03099;Orihuela;3;0;10;2;CORRENTÍAS MEDIAS;545;267;278;-0.924233;38.0737
2022;03099;Orihuela;3;0;11;1;DESAMPARADOS;1026;530;496;-0.98164;38.0651
2022;03099;Orihuela;3;0;11;2;MANSEGAL (EL)-VEREDA BUENA VIDA;548;279;269;-0.97326;38.0634
2022;03099;Orihuela;3;0;12;1;ESCORRATEL (EL);526;266;260;-0.924611;38.1017
2022;03099;Orihuela;3;0;12;2;MONTEPINAR;315;158;157;-0.952896;38.116
2022;03099;Orihuela;3;0;12;3;POLÍGONO INDUSTRIAL PUENTE ALTO;0;0;0;-0.928944;38.1087
2022;03099;Orihuela;3;0;13;1;HUERTOS (LOS);104;54;50;-0.92618;38.0889
2022;03099;Orihuela;3;0;14;1;BARRIO CARRETERA HURCHILLO;200;101;99;-0.939535;38.075
2022;03099;Orihuela;3;0;14;2;HURCHILLO;850;420;430;-0.92244;38.0589
2022;03099;Orihuela;3;0;15;1;MEDIA LEGUA;188;97;91;-0.911054;38.0982
2022;03099;Orihuela;3;0;16;1;CAMINO DE ENMEDIO;175;86;89;-0.975835;38.07
2022;03099;Orihuela;3;0;16;2;MOLINO DE LA CIUDAD;48;20;28;-0.980819;38.0759
2022;03099;Orihuela;3;0;17;1;BARRIO CARRETERA;121;55;66;-0.920394;38.0823
2022;03099;Orihuela;3;0;17;2;MOLÍNS;787;380;407;-0.907434;38.0813
2022;03099;Orihuela;3;0;17;3;VEREDA SERRANOS;94;45;49;-0.911036;38.0767
2022;03099;Orihuela;3;0;17;4;VEREDA BRUNETE;40;18;22;-0.899439;38.0823
2022;03099;Orihuela;3;0;18;1;BARRIO CARRETERA;106;62;44;-0.833606;38.1157
2022;03099;Orihuela;3;0;18;2;MUDAMIENTO (EL);160;80;80;-0.835458;38.1183
2022;03099;Orihuela;3;0;18;3;RAMONES/SORIANOS;129;67;62;-0.825788;38.1244
2022;03099;Orihuela;3;0;19;1;MURADA (LA);2029;1064;965;-0.96244;38.1744
2022;03099;Orihuela;3;0;19;2;PÉREZ (LOS);42;24;18;-0.939646;38.1746
2022;03099;Orihuela;3;0;19;3;RIQUELME/CAMPIRULOS;361;199;162;-0.967809;38.1683
2022;03099;Orihuela;3;0;19;4;VIRGEN DEL CAMINO;272;136;136;-0.931426;38.1652
2022;03099;Orihuela;3;0;20;1;NORIAS (LAS);158;82;76;-0.990043;38.0555
2022;03099;Orihuela;3;0;20;2;VEREDA LIORNA;485;238;247;-0.978994;38.0445
2022;03099;Orihuela;3;0;20;3;VEREDA DEL ROLLO;130;69;61;-0.988363;38.0396
2022;03099;Orihuela;3;0;21;1;CIUDAD JARDÍN;77;38;39;-0.957507;38.0951
2022;03099;Orihuela;3;0;21;2;ORIHUELA;31830;15648;16182;-0.944914;38.0847
2022;03099;Orihuela;3;0;21;3;RINCÓN DE SECA;61;33;28;-0.960223;38.0948
2022;03099;Orihuela;3;0;21;4;SAN ANTÓN;312;148;164;-0.943576;38.0948
2022;03099;Orihuela;3;0;22;1;PARROQUIA DE LA MATANZA;138;64;74;-1.01023;38.1357
2022;03099;Orihuela;3;0;22;2;RAIGUERO (EL);8;4;4;-0.991443;38.1223
2022;03099;Orihuela;3;0;22;3;SIETE CASAS (LAS);185;99;86;-1.01574;38.1432
2022;03099;Orihuela;3;0;24;1;BADEN (EL);154;74;80;-0.864601;38.0988
2022;03099;Orihuela;3;0;24;2;SAN BARTOLOMÉ;1832;897;935;-0.861495;38.0929
2022;03099;Orihuela;3;0;24;3;BARRIO (EL)-SALLAVEDRA;155;77;78;-0.85951;38.097
2022;03099;Orihuela;3;0;26;1;TORREMENDO;634;306;328;-0.868122;37.9943
2022;03099;Orihuela;3;0;26;2;BARRIO DE LA VIRGEN;65;33;32;-0.871699;37.9975
2022;03099;Orihuela;3;0;26;3;ENTRENARANJOS;931;452;479;-0.821833;38.0312
2022;03100;Parcent;3;0;1;1;PARCENT;661;328;333;-0.0647959;38.7453
2022;03101;Pedreguer;3;0;1;1;COMETA ORBETA;45;22;23;0.0436653;38.789
2022;03101;Pedreguer;3;0;1;2;MUNTANYA DE LA SELLA;524;256;268;0.0562641;38.8062
2022;03101;Pedreguer;3;0;1;3;MUNTANYA DE PEDREGUER;233;121;112;0.0536224;38.7809
2022;03101;Pedreguer;3;0;1;4;PEDREGUER;5760;2862;2898;0.032919;38.7961
2022;03101;Pedreguer;3;0;1;5;MUNTANYA LA SOLANA I;283;142;141;0.0163109;38.7885
2022;03101;Pedreguer;3;0;1;6;MUNTANYA LA SOLANA II;30;16;14;0.00866157;38.7851
2022;03102;Pego;3;0;1;1;MONTE-PEGO;526;268;258;-0.0727474;38.8386
2022;03102;Pego;3;0;1;2;PEGO;9368;4632;4736;-0.117431;38.8421
2022;03103;Penàguila;3;0;1;1;PENÀGUILA;233;116;117;-0.359366;38.6797
2022;03104;Petrer;3;0;1;1;ALMAFRÁ;1569;798;771;-0.78089;38.4674
2022;03104;Petrer;3;0;1;2;LLOMA BADA;884;449;435;-0.761643;38.4521
2022;03104;Petrer;3;0;1;3;PETRER;28669;14098;14571;-0.776516;38.4826
2022;03104;Petrer;3;0;1;4;SALINETES;1877;934;943;-0.770238;38.4671
2022;03105;Pinoso/Pinós (El);3;0;1;1;CABALLUSA (LA);33;19;14;-1.0829;38.3813
2022;03105;Pinoso/Pinós (El);3;0;2;1;CAÑADA DEL TRIGO;6;3;3;-1.08445;38.3547
2022;03105;Pinoso/Pinós (El);3;0;3;1;CASAS DE IBÁÑEZ;33;17;16;-1.08187;38.4047
2022;03105;Pinoso/Pinós (El);3;0;4;1;CULEBRÓN;87;42;45;-0.992121;38.4206
2022;03105;Pinoso/Pinós (El);3;0;5;1;ENCEBRAS;74;40;34;-0.990288;38.3934
2022;03105;Pinoso/Pinós (El);3;0;6;1;LEL;26;13;13;-1.02156;38.4505
2022;03105;Pinoso/Pinós (El);3;0;7;1;PAREDÓN;33;19;14;-1.05267;38.4442
2022;03105;Pinoso/Pinós (El);3;0;8;1;PINÓS (EL)/PINOSO;6724;3389;3335;-1.04198;38.4002
2022;03105;Pinoso/Pinós (El);3;0;9;1;RODRIGUILLO;60;33;27;-1.04581;38.3682
2022;03105;Pinoso/Pinós (El);3;0;10;1;TRES FUENTES;9;6;3;-0.988315;38.3713
2022;03105;Pinoso/Pinós (El);3;0;11;1;ÚBEDA;65;31;34;-0.982432;38.446
2022;03106;Planes;3;0;1;1;BENIALFAQUÍ;34;18;16;-0.338276;38.772
2022;03106;Planes;3;0;2;1;CATAMARRUCH;36;18;18;-0.32101;38.7816
2022;03106;Planes;3;0;3;1;MARGALIDA;40;24;16;-0.298586;38.7888
2022;03106;Planes;3;0;4;1;PLANES;535;286;249;-0.342269;38.7841
2022;03107;Polop;3;0;1;1;CHIRLES;376;202;174;-0.135833;38.6343
2022;03107;Polop;3;0;2;1;POLOP;3532;1773;1759;-0.140735;38.6177
2022;03109;Rafal;3;0;1;1;RAFAL;4578;2273;2305;-0.851673;38.1034
2022;03110;Ràfol d'Almúnia (El);3;0;1;1;RÀFOL D´ALMÚNIA (EL);435;222;213;-0.0516293;38.8211
2022;03110;Ràfol d'Almúnia (El);3;0;1;2;URBANIZACIÓN MONTE-PEGO;124;66;58;-0.0469524;38.8427
2022;03110;Ràfol d'Almúnia (El);3;0;1;3;URBANIZACIÓN L´ALMUNIA;162;79;83;-0.0621051;38.8359
2022;03111;Redován;3;0;1;2;REDOVÁN;7125;3668;3457;-0.909337;38.114
2022;03111;Redován;3;0;1;4;SAN CARLOS;235;126;109;-0.932514;38.1339
2022;03112;Relleu;3;0;1;1;RELLEU;646;325;321;-0.310353;38.588
2022;03113;Rojales;3;0;1;1;CIUDAD QUESADA;11665;5797;5868;-0.711445;38.0685
2022;03113;Rojales;3;0;1;2;HEREDADES (LAS);208;111;97;-0.760605;38.0904
2022;03113;Rojales;3;0;1;3;ROJALES;4930;2571;2359;-0.726591;38.0846
2022;03114;Romana (la);3;0;1;1;ALGAYAT;207;115;92;-0.94842;38.3434
2022;03114;Romana (la);3;0;1;2;ROMANA (LA);1564;812;752;-0.89648;38.3667
2022;03114;Romana (la);3;0;1;3;BENAESA;65;33;32;-0.884353;38.3782
2022;03115;Sagra;3;0;1;1;SAGRA;427;203;224;-0.0669334;38.8105
2022;03116;Salinas;3;0;1;1;SALINAS;1295;656;639;-0.910318;38.5207
2022;03116;Salinas;3;0;1;2;URBANIZACIÓN ALTO IDEAL;46;25;21;-0.876451;38.5166
2022;03116;Salinas;3;0;1;3;URBANIZACIÓN LA VIRGEN;31;19;12;-0.911446;38.5129
2022;03116;Salinas;3;0;1;4;URBANIZACIÓN LAS BEATAS;44;22;22;-0.894724;38.5232
2022;03116;Salinas;3;0;1;5;URBANIZACIÓN CAVA NEGRA;11;8;3;-0.918271;38.5209
2022;03116;Salinas;3;0;1;6;URBANIZACIÓN COLONIA VIRGEN DEL ROSARIO;23;11;12;-0.917875;38.5134
2022;03116;Salinas;3;0;1;7;COLONIA DE LA HISPANIDAD;0;0;0;-0.883407;38.514
2022;03116;Salinas;3;0;1;8;POLÍGONO DE LA FLORIDA;0;0;0;-0.910813;38.5293
2022;03117;Sanet y Negrals;3;0;1;1;SANET Y NEGRALS;511;260;251;-0.032518;38.8202
2022;03117;Sanet y Negrals;3;0;1;2;URBANIZACIÓN MONTE-SANO;139;67;72;-0.0299949;38.8224
2022;03118;San Fulgencio;3;0;1;1;MARTÍNEZ PRIMER BARRIO (LOS);58;38;20;-0.732144;38.1145
2022;03118;San Fulgencio;3;0;1;2;MARTÍNEZ SEGUNDO BARRIO (LOS);135;67;68;-0.745965;38.1187
2022;03118;San Fulgencio;3;0;2;1;MARINA-OASIS;7163;3587;3576;-0.68628;38.1329
2022;03118;San Fulgencio;3;0;2;2;PESQUERAS (LAS);38;22;16;-0.655101;38.1167
2022;03118;San Fulgencio;3;0;2;3;SAN FULGENCIO;1448;723;725;-0.717501;38.115
2022;03119;Sant Joan d'Alacant;3;0;1;1;BELLAVISTA;73;38;35;-0.420721;38.3931
2022;03119;Sant Joan d'Alacant;3;0;1;2;CAPISCOL;640;324;316;-0.422302;38.3905
2022;03119;Sant Joan d'Alacant;3;0;1;3;FONT-MEZQUITAS;787;405;382;-0.412086;38.4161
2022;03119;Sant Joan d'Alacant;3;0;1;4;FRANK ESPINOS;135;68;67;-0.430754;38.3879
2022;03119;Sant Joan d'Alacant;3;0;1;5;LLOIXA;68;33;35;-0.447367;38.3961
2022;03119;Sant Joan d'Alacant;3;0;1;6;PARQUE ANSALDO;0;0;0;-0.433618;38.411
2022;03119;Sant Joan d'Alacant;3;0;1;7;SALAFRANCA;357;172;185;-0.445108;38.4035
2022;03119;Sant Joan d'Alacant;3;0;1;8;SANT JOAN D´ALACANT;21411;10247;11164;-0.434607;38.4024
2022;03119;Sant Joan d'Alacant;3;0;1;9;SANTA FAZ (LA);180;88;92;-0.438879;38.3914
2022;03119;Sant Joan d'Alacant;3;0;1;10;VILLAPORTES;37;19;18;-0.416315;38.4072
2022;03120;San Miguel de Salinas;3;0;1;1;CIUDAD DE LAS COMUNICACIONES;668;338;330;-0.799122;37.9573
2022;03120;San Miguel de Salinas;3;0;1;2;FILIPINAS (LAS);1816;904;912;-0.780537;37.9424
2022;03120;San Miguel de Salinas;3;0;1;3;SAN MIGUEL DE SALINAS;3849;1932;1917;-0.789303;37.9781
2022;03121;Santa Pola;3;0;1;1;GRAN ALACANT;10846;5561;5285;-0.525992;38.2285
2022;03121;Santa Pola;3;0;1;2;MELEJA;60;37;23;-0.547473;38.2057
2022;03121;Santa Pola;3;0;1;3;POLÍGONO INDUSTRIAL;9;7;2;-0.576662;38.2103
2022;03121;Santa Pola;3;0;1;4;PUEBLO LEVANTINO;117;56;61;-0.566689;38.208
2022;03121;Santa Pola;3;0;1;5;PUNTA LA SIERRA;107;67;40;-0.586497;38.2115
2022;03121;Santa Pola;3;0;1;6;SANTA POLA;24759;12292;12467;-0.56285;38.1943
2022;03121;Santa Pola;3;0;1;7;SIPRERETS (ELS);63;33;30;-0.574891;38.2043
2022;03122;Sant Vicent del Raspeig/San Vicente del Raspeig;3;0;1;1;VILLAMONTES;666;347;319;-0.530142;38.4291
2022;03122;Sant Vicent del Raspeig/San Vicente del Raspeig;3;0;1;2;ESCOLES (LES)-LO RAMOS;671;348;323;-0.542371;38.4282
2022;03122;Sant Vicent del Raspeig/San Vicente del Raspeig;3;0;1;3;PLA OLIVERA;304;153;151;-0.554475;38.4408
2022;03122;Sant Vicent del Raspeig/San Vicente del Raspeig;3;0;5;1;LABORINQUEN;279;134;145;-0.516555;38.4042
2022;03122;Sant Vicent del Raspeig/San Vicente del Raspeig;3;0;5;3;BARRANQUET (EL);32;15;17;-0.506988;38.4163
2022;03122;Sant Vicent del Raspeig/San Vicente del Raspeig;3;0;5;4;CASA GROGA;176;78;98;-0.530803;38.416
2022;03122;Sant Vicent del Raspeig/San Vicente del Raspeig;3;0;5;5;COVES DE BORONAT;144;72;72;-0.522707;38.4185
2022;03122;Sant Vicent del Raspeig/San Vicente del Raspeig;3;0;5;7;PLA CONTXETA;149;77;72;-0.514286;38.4134
2022;03122;Sant Vicent del Raspeig/San Vicente del Raspeig;3;0;5;8;RAS-PAS;40;17;23;-0.524321;38.4085
2022;03122;Sant Vicent del Raspeig/San Vicente del Raspeig;3;0;6;5;SAN VICENTE DEL RASPEIG/SANT VICENT DEL RASPEIG;53858;26569;27289;-0.518285;38.3983
2022;03122;Sant Vicent del Raspeig/San Vicente del Raspeig;3;0;6;8;ADVOCAT (L´);122;61;61;-0.537832;38.4158
2022;03122;Sant Vicent del Raspeig/San Vicente del Raspeig;3;0;6;9;GANTXO (EL);300;155;145;-0.545044;38.4207
2022;03123;Sax;3;0;1;1;SAX;8678;4299;4379;-0.823709;38.5328
2022;03123;Sax;3;0;2;1;COLONIA SANTA EULALIA (LA);19;10;9;-0.849937;38.5673
2022;03124;Sella;3;0;1;1;SELLA;482;250;232;-0.272134;38.6088
2022;03125;Senija;3;0;1;1;COMETA;141;70;71;0.0438274;38.7327
2022;03125;Senija;3;0;1;2;SENIJA;385;198;187;0.041034;38.7285
2022;03127;Tárbena;3;0;1;1;TÀRBENA;434;223;211;-0.10288;38.6942
2022;03128;Teulada;3;0;2;1;ALCASAR;284;135;149;0.140845;38.7107
2022;03128;Teulada;3;0;2;2;ARNELLA (LA);267;131;136;0.143031;38.6995
2022;03128;Teulada;3;0;2;3;BENIMARCO;40;21;19;0.0844429;38.7046
2022;03128;Teulada;3;0;2;4;BENIMEIT;540;270;270;0.111607;38.6993
2022;03128;Teulada;3;0;2;5;CAP BLANC;193;102;91;0.112325;38.678
2022;03128;Teulada;3;0;2;6;CASTELLONS;76;43;33;0.116199;38.7323
2022;03128;Teulada;3;0;2;7;COMETA;422;212;210;0.12149;38.686
2022;03128;Teulada;3;0;2;8;FANADIX;258;123;135;0.110358;38.6897
2022;03128;Teulada;3;0;2;9;MORAVIT;409;198;211;0.111473;38.683
2022;03128;Teulada;3;0;2;10;PAITXI;345;178;167;0.137507;38.7025
2022;03128;Teulada;3;0;2;11;PINAR DEL ABOGAT;539;269;270;0.115494;38.6934
2022;03128;Teulada;3;0;2;12;PLA DEL MAR;458;226;232;0.137077;38.692
2022;03128;Teulada;3;0;2;13;PORT;305;150;155;0.146606;38.6903
2022;03128;Teulada;3;0;2;14;SABATERA (LA);924;443;481;0.126113;38.7011
2022;03128;Teulada;3;0;2;15;TEULADA;4506;2279;2227;0.104788;38.729
2022;03128;Teulada;3;0;2;16;MORAIRA;1580;782;798;0.131824;38.6899
2022;03129;Tibi;3;0;1;1;FINCA TEROL;392;217;175;-0.602289;38.5539
2022;03129;Tibi;3;0;1;2;PINARES DEL MECLI;82;44;38;-0.602357;38.5248
2022;03129;Tibi;3;0;1;3;TIBI;971;485;486;-0.575542;38.532
2022;03129;Tibi;3;0;1;4;URBANIZACIÓN EL ALJIBE;65;35;30;-0.617768;38.4919
2022;03129;Tibi;3;0;1;5;URBANIZACIÓN BONAIRE;27;14;13;-0.598911;38.5068
2022;03129;Tibi;3;0;1;6;URBANIZACIÓN MAIGMÓ;65;35;30;-0.599061;38.502
2022;03129;Tibi;3;0;1;7;URBANIZACIÓN CRUZ DEL MAIGMÓ;4;4;0;-0.608031;38.5116
2022;03130;Tollos;3;0;1;1;TOLLOS;30;20;10;-0.275086;38.7565
2022;03131;Tormos;3;0;1;1;TORMOS;277;138;139;-0.0714756;38.8019
2022;03132;Torre de les Maçanes (La)/Torremanzanas;3;0;1;1;TORREMANZANAS/TORRE DE LES MAÇANES (LA);512;271;241;-0.42021;38.609
2022;03133;Torrevieja;3;0;1;1;MATA (LA);1245;609;636;-0.655469;38.0216
2022;03133;Torrevieja;3;0;2;1;BALCONES (LOS);5101;2484;2617;-0.726371;37.9589
2022;03133;Torrevieja;3;0;2;2;CABO CERVERA-PLAYA LA MATA;2225;1113;1112;-0.655746;38.0115
2022;03133;Torrevieja;3;0;2;3;CHAPARRAL (EL);4456;2164;2292;-0.692535;38.0172
2022;03133;Torrevieja;3;0;2;4;PUNTA PRIMA;2236;1096;1140;-0.708298;37.9453
2022;03133;Torrevieja;3;0;2;5;TORRETAS (LAS);7414;3699;3715;-0.695279;37.9956
2022;03133;Torrevieja;3;0;2;6;TORREVIEJA;60869;29857;31012;-0.674429;37.9839
2022;03134;Vall d'Alcalà (la);3;0;1;1;ALCALÀ DE LA JOVADA;109;58;51;-0.251972;38.795
2022;03134;Vall d'Alcalà (la);3;0;2;1;BENIAYA;28;18;10;-0.269587;38.7767
2022;03135;Vall d'Ebo (La);3;0;1;1;VALL D´EBO (LA);209;106;103;-0.159293;38.8052
2022;03136;Vall de Gallinera;3;0;1;1;BENIALÍ;130;72;58;-0.221641;38.8224
2022;03136;Vall de Gallinera;3;0;2;1;BENIRRAMA;84;43;41;-0.196781;38.8311
2022;03136;Vall de Gallinera;3;0;3;1;BENISSILI;38;21;17;-0.276768;38.8187
2022;03136;Vall de Gallinera;3;0;4;1;BENISSIVA;70;37;33;-0.225336;38.8194
2022;03136;Vall de Gallinera;3;0;5;1;BENITAIA;42;19;23;-0.227047;38.8186
2022;03136;Vall de Gallinera;3;0;6;1;CARROJA (LA);20;12;8;-0.243241;38.8216
2022;03136;Vall de Gallinera;3;0;7;1;LLOMBAI;4;2;2;-0.269742;38.8162
2022;03136;Vall de Gallinera;3;0;8;1;ALPATRÓ;162;81;81;-0.261461;38.8208
2022;03137;Vall de Laguart (La);3;0;1;1;BENIMAURELL;252;122;130;-0.126815;38.7732
2022;03137;Vall de Laguart (La);3;0;2;1;CAMPELL;238;126;112;-0.104076;38.779
2022;03137;Vall de Laguart (La);3;0;3;1;FLEIX;172;82;90;-0.108997;38.7776
2022;03138;Verger (el);3;0;1;1;VERGER (EL);4327;2132;2195;0.00209999;38.853
2022;03139;Vila Joiosa (La)/Villajoyosa;3;0;1;1;BORDES;99;49;50;-0.235282;38.5199
2022;03139;Vila Joiosa (La)/Villajoyosa;3;0;1;2;ERMITA (LA);220;119;101;-0.237835;38.5227
2022;03139;Vila Joiosa (La)/Villajoyosa;3;0;1;3;TORRETES;299;144;155;-0.230441;38.5145
2022;03139;Vila Joiosa (La)/Villajoyosa;3;0;2;1;EUROPARK;332;167;165;-0.255097;38.4987
2022;03139;Vila Joiosa (La)/Villajoyosa;3;0;2;2;GARDEN CURT-LA PALOMA;212;111;101;-0.248786;38.5003
2022;03139;Vila Joiosa (La)/Villajoyosa;3;0;2;3;MONTIBOLI;389;207;182;-0.268734;38.4972
2022;03139;Vila Joiosa (La)/Villajoyosa;3;0;2;4;PLANS-GASPAROT;1042;537;505;-0.244502;38.5038
2022;03139;Vila Joiosa (La)/Villajoyosa;3;0;2;5;URBANIZACIÓN CHARCO;15;8;7;-0.280948;38.4916
2022;03139;Vila Joiosa (La)/Villajoyosa;3;0;2;6;URBANIZACIÓN PLANS;65;32;33;-0.24424;38.5094
2022;03139;Vila Joiosa (La)/Villajoyosa;3;0;3;1;MEDITERRÁNEO ALMADRABA;147;80;67;-0.213499;38.5114
2022;03139;Vila Joiosa (La)/Villajoyosa;3;0;3;2;URBANIZACIÓN GALANDÚ;12;7;5;-0.194332;38.5263
2022;03139;Vila Joiosa (La)/Villajoyosa;3;0;3;3;URBANIZACIÓN MONTESOL;69;37;32;-0.221718;38.5256
2022;03139;Vila Joiosa (La)/Villajoyosa;3;0;3;4;URBANIZACIÓN TORRES I;64;28;36;-0.203611;38.5186
2022;03139;Vila Joiosa (La)/Villajoyosa;3;0;3;5;URBANIZACIÓN TORRES II;58;31;27;-0.202809;38.5182
2022;03139;Vila Joiosa (La)/Villajoyosa;3;0;3;6;ZONA INDUSTRIAL;2;1;1;-0.208643;38.5189
2022;03139;Vila Joiosa (La)/Villajoyosa;3;0;4;1;VILLAJOYOSA/VILA JOIOSA (LA);21641;10618;11023;-0.227117;38.5113
2022;03140;Villena;3;0;2;1;ENCINA (LA);126;62;64;-0.95347;38.7658
2022;03140;Villena;3;0;3;1;SANTA EULALIA;7;3;4;-0.849101;38.5694
2022;03140;Villena;3;0;5;1;CASAS DE CABANES Y LAS FUENTES;142;69;73;-0.880963;38.6544
2022;03140;Villena;3;0;5;2;CASAS DE JORDÁN;52;26;26;-0.920099;38.5936
2022;03140;Villena;3;0;5;3;CASCANTE;105;60;45;-0.863104;38.6605
2022;03140;Villena;3;0;5;4;CHOZAS (LAS);45;28;17;-0.928461;38.6678
2022;03140;Villena;3;0;5;5;GLORIA (LA);0;0;0;-0.892777;38.7388
2022;03140;Villena;3;0;5;6;MORRÓN (EL);61;34;27;-0.880422;38.6711
2022;03140;Villena;3;0;5;7;PUENTECILLA (LA);86;48;38;-0.859047;38.6231
2022;03140;Villena;3;0;5;8;SAN BERNABÉ;48;22;26;-0.831095;38.6647
2022;03140;Villena;3;0;5;9;TIESAS (LAS);297;148;149;-0.835146;38.6174
2022;03140;Villena;3;0;5;10;VILLENA;31682;15758;15924;-0.875126;38.6379
2022;03140;Villena;3;0;6;1;VIRTUDES (LAS);376;249;127;-0.928948;38.6264
2022;03140;Villena;3;0;7;1;ZAFRA (LA);15;8;7;-0.851668;38.7449
2022;03901;Poblets (els);3;0;1;1;MIRAFLOR;210;95;115;0.0225887;38.8489
2022;03901;Poblets (els);3;0;2;1;MIRARROSA;133;57;76;0.0117022;38.8566
2022;03901;Poblets (els);3;0;3;1;SETLA;403;192;211;0.0186685;38.8511
2022;03902;Pilar de la Horadada;3;0;1;1;CAÑADA DE PRAEZ;426;234;192;-0.810941;37.878
2022;03902;Pilar de la Horadada;3;0;1;2;HORTELANOS (LOS);50;22;28;-0.791639;37.8768
2022;03902;Pilar de la Horadada;3;0;1;3;PILAR DE LA HORADADA;14628;7537;7091;-0.787851;37.8657
2022;03902;Pilar de la Horadada;3;0;1;4;PINAR DE CAMPOVERDE;3091;1515;1576;-0.844479;37.9049
2022;03902;Pilar de la Horadada;3;0;1;5;SÁEZ (LOS);114;58;56;-0.792354;37.8532
2022;03902;Pilar de la Horadada;3;0;2;1;MIL PALMERAS;831;408;423;-0.760241;37.8853
2022;03902;Pilar de la Horadada;3;0;2;2;MOJÓN (EL);378;191;187;-0.766852;37.8521
2022;03902;Pilar de la Horadada;3;0;2;3;TORRE DE LA HORADADA;2851;1465;1386;-0.7635;37.8693
2022;03903;Montesinos (Los);3;0;1;1;MONTESINOS (LOS);4753;2404;2349;-0.744559;38.0296
2022;03904;San Isidro;3;0;1;1;SAN ISIDRO;2123;1099;1024;-0.839389;38.1737